CODIGO,NOMBRE,UNITID,PRECIOVENTA,COSTOFINANCIERO,IDLINEA,IDCATEGORIA,CodIDProveedor,ESTADO,TIPOFABRICANTE,NUMEROPARTE,LINEA,CATEGORIA,UEN,MARCA,PRECIOMINIMO,DESCRIPCION,IMAGEN150,IMAGEN450
MARSAL0940,A/C SENSOR TEMPERATURA CABLE,UN,15290,4511.1,5637148441,5637148330,17077679/0001-10,Comercial,OEM,007-00007-000_1,AIRE ACONDICIONADO CLIMATIZACIÓN,CLIMATIZACION,CARROCERIAS BUSES,WEBASTO,12609,TODAS,https://firebasestorage.googleapis.com/v0/b/imagenimplementos.appspot.com/o/150%2FMARSAL0940.jpg?alt=media,https://firebasestorage.googleapis.com/v0/b/imagenimplementos.appspot.com/o/450%2FMARSAL0940.jpg?alt=media
MARSAL1249,A/C SENSOR TEMPERATURA CABLE,UN,12590,1971.1,5637148441,5637148330,2.11E+13,Comercial,ALTERNATIVO,007-00007-000_2,AIRE ACONDICIONADO CLIMATIZACIÓN,CLIMATIZACION,CARROCERIAS BUSES,TRANSACTA,7950,TODAS TRANSACTA,https://firebasestorage.googleapis.com/v0/b/imagenimplementos.appspot.com/o/150%2FMARSAL1249.jpg?alt=media,https://firebasestorage.googleapis.com/v0/b/imagenimplementos.appspot.com/o/450%2FMARSAL1249.jpg?alt=media
MARSAL0907,A/C MODULO DE CONTROL ELECTRONICO GLW-161,UN,141990,55675.4,5637148441,5637148330,17077679/0001-10,Normal,GENUINO,007-00008-000_2,AIRE ACONDICIONADO CLIMATIZACIÓN,CLIMATIZACION,CARROCERIAS BUSES,SPHEROS,141135,SPHEROS GLW 161 / SIN RENOVACION / AEROSPFER 300/330/350 / CC160/300/350 / REEMPLAZA A GLT040 / 12V/24V,https://firebasestorage.googleapis.com/v0/b/imagenimplementos.appspot.com/o/150%2FMARSAL0907.jpg?alt=media,https://firebasestorage.googleapis.com/v0/b/imagenimplementos.appspot.com/o/450%2FMARSAL0907.jpg?alt=media
MARSAL0935,A/C PLACA RELES GLW122,UN,223390,64990.1,5637148441,5637148330,17077679/0001-10,Normal,GENUINO,007-00022-000_2,AIRE ACONDICIONADO CLIMATIZACIÓN,CLIMATIZACION,CARROCERIAS BUSES,SPHEROS,183783,CC430 PARADISO 1800 DD,https://firebasestorage.googleapis.com/v0/b/imagenimplementos.appspot.com/o/150%2FMARSAL0935.jpg?alt=media,https://firebasestorage.googleapis.com/v0/b/imagenimplementos.appspot.com/o/450%2FMARSAL0935.jpg?alt=media
MARSAL0936,A/C PLACA RELES GLW123,UN,259290,74352.2,5637148441,5637148330,17077679/0001-10,Normal,GENUINO,007-00023-000_2,AIRE ACONDICIONADO CLIMATIZACIÓN,CLIMATIZACION,CARROCERIAS BUSES,WEBASTO,201728,CC430 PARADISO 1800 DD,https://firebasestorage.googleapis.com/v0/b/imagenimplementos.appspot.com/o/150%2FMARSAL0936.jpg?alt=media,https://firebasestorage.googleapis.com/v0/b/imagenimplementos.appspot.com/o/450%2FMARSAL0936.jpg?alt=media
MARSAL0908,A/C MODULO DE CONTROL ELECTRONICO GLW-180,UN,212990,72019.5,5637148441,5637148330,17077679/0001-10,Normal,GENUINO,007-00041-000_3,AIRE ACONDICIONADO CLIMATIZACIÓN,CLIMATIZACION,CARROCERIAS BUSES,WEBASTO,169266,SPHEROS GLW 180 / CC430 PARADISO 1800 DD,https://firebasestorage.googleapis.com/v0/b/imagenimplementos.appspot.com/o/150%2FMARSAL0908.jpg?alt=media,https://firebasestorage.googleapis.com/v0/b/imagenimplementos.appspot.com/o/450%2FMARSAL0908.jpg?alt=media
MARSAL0675,A/C SENSOR Tº INTERNO,UN,14790,7886.5,5637148441,5637148330,17077679/0001-10,Normal,GENUINO,007-00042-000_1,AIRE ACONDICIONADO CLIMATIZACIÓN,CLIMATIZACION,CARROCERIAS BUSES,SPHEROS,12354,TODOS,https://firebasestorage.googleapis.com/v0/b/imagenimplementos.appspot.com/o/150%2FMARSAL0675.jpg?alt=media,https://firebasestorage.googleapis.com/v0/b/imagenimplementos.appspot.com/o/450%2FMARSAL0675.jpg?alt=media
MARSAL0954,A/C MODULO DE CONTROL ELECTRONICO GLW-163,UN,160890,56912.2,5637148441,5637148330,17077679/0001-10,Normal,GENUINO,007-00089-000_1,AIRE ACONDICIONADO CLIMATIZACIÓN,CLIMATIZACION,CARROCERIAS BUSES,SPHEROS,133750,SPHEROS GLW 163 / TODOS / CON RENOVACION / AEROSPHER 300/330/350 / CC300/350 / 12V/24V,https://firebasestorage.googleapis.com/v0/b/imagenimplementos.appspot.com/o/150%2FMARSAL0954.jpg?alt=media,https://firebasestorage.googleapis.com/v0/b/imagenimplementos.appspot.com/o/450%2FMARSAL0954.jpg?alt=media
MARSAL0919,A/C FUSIBLE 125A,UN,8790,3453.3,5637148441,5637148330,17077679/0001-10,Normal,GENUINO,008-00025-000_2,AIRE ACONDICIONADO CLIMATIZACIÓN,CLIMATIZACION,CARROCERIAS BUSES,WEBASTO,7375,CC300/350 / RODOVIARIOS,https://firebasestorage.googleapis.com/v0/b/imagenimplementos.appspot.com/o/150%2FMARSAL0919.jpg?alt=media,https://firebasestorage.googleapis.com/v0/b/imagenimplementos.appspot.com/o/450%2FMARSAL0919.jpg?alt=media
MARSAL0942,A/C TERMOSTATO ANTICONGELAMIENTO,UN,25290,10102.1,5637148441,5637148330,17077679/0001-10,Normal,GENUINO,010-00016-000_2,AIRE ACONDICIONADO CLIMATIZACIÓN,CLIMATIZACION,CARROCERIAS BUSES,SPHEROS,19084,TODAS,https://firebasestorage.googleapis.com/v0/b/imagenimplementos.appspot.com/o/150%2FMARSAL0942.jpg?alt=media,https://firebasestorage.googleapis.com/v0/b/imagenimplementos.appspot.com/o/450%2FMARSAL0942.jpg?alt=media
MARSAL0672,A/C PRESOSTATO ALTA PRESION PMAX418BPSH 6A 240VAC,UN,20090,8070.8,5637148441,5637148330,17077679/0001-10,Comercial,GENUINO,010-00018-000_1,AIRE ACONDICIONADO CLIMATIZACIÓN,CLIMATIZACION,CARROCERIAS BUSES,WEBASTO,21346,TODOS LOS COMPRESORES / SPHEROS,https://firebasestorage.googleapis.com/v0/b/imagenimplementos.appspot.com/o/150%2FMARSAL0672.jpg?alt=media,https://firebasestorage.googleapis.com/v0/b/imagenimplementos.appspot.com/o/450%2FMARSAL0672.jpg?alt=media
MARSAL0673,A/C PRESOSTATO BAJA PRESION,UN,19790,8113.7,5637148441,5637148330,17077679/0001-10,Comercial,GENUINO,010-00019-000_1,AIRE ACONDICIONADO CLIMATIZACIÓN,CLIMATIZACION,CARROCERIAS BUSES,WEBASTO,17197,TODOS LOS COMPRESORES / SPHEROS,https://firebasestorage.googleapis.com/v0/b/imagenimplementos.appspot.com/o/150%2FMARSAL0673.jpg?alt=media,https://firebasestorage.googleapis.com/v0/b/imagenimplementos.appspot.com/o/450%2FMARSAL0673.jpg?alt=media
MARSAL1081,A/C VALVULA EXPANSIÓN 2.5 TN / NUEVA / CHOFER G7,UN,53190,13691.8,5637148441,5637148330,17077679/0001-10,Normal,OEM,012-00005-001_1,AIRE ACONDICIONADO CLIMATIZACIÓN,CLIMATIZACION,CARROCERIAS BUSES,SPHEROS,44971,CC140/150/160 VOLARE / VALVULA EXPANSION AIRE ACONDICIONADO CHOFER G7,https://firebasestorage.googleapis.com/v0/b/imagenimplementos.appspot.com/o/150%2FMARSAL1081.jpg?alt=media,https://firebasestorage.googleapis.com/v0/b/imagenimplementos.appspot.com/o/450%2FMARSAL1081.jpg?alt=media
MARSAL0914,A/C FILTRO DESHIDRATADOR 5/8 ORING INTERNO / NUEVO,UN,59890,11619.4,5637148441,5637148330,17077679/0001-10,Normal,GENUINO,012-00086-000_2,AIRE ACONDICIONADO CLIMATIZACIÓN,CLIMATIZACION,CARROCERIAS BUSES,WEBASTO,45630,CONEXION 1 PULG / CC230/300/350 RODOVIARIOS /430 PARADISO 1800 DD,https://firebasestorage.googleapis.com/v0/b/imagenimplementos.appspot.com/o/150%2FMARSAL0914.jpg?alt=media,https://firebasestorage.googleapis.com/v0/b/imagenimplementos.appspot.com/o/450%2FMARSAL0914.jpg?alt=media
MARSAL1296,"VALVULA DE EXPANSION TGEN 3,5TR",Un,69990,47879,5637148441,5637148330,17077679/0001-10,Comercial,GENUINO,012-00135-000,AIRE ACONDICIONADO CLIMATIZACIÓN,CLIMATIZACION,CARROCERIAS BUSES,VALEO,69990,TORINO NORMAL Y ARTICULADO TRANSANTIAGO 2019 / EQUIPOS CC355 Y CC640,https://firebasestorage.googleapis.com/v0/b/imagenimplementos.appspot.com/o/150%2FMARSAL1296.jpg?alt=media,https://firebasestorage.googleapis.com/v0/b/imagenimplementos.appspot.com/o/450%2FMARSAL1296.jpg?alt=media
MARSAL0920,A/C FUSIBLE 175A,UN,8690,1848.3,5637148441,5637148330,17077679/0001-10,Normal,GENUINO,015-00030-000_1,AIRE ACONDICIONADO CLIMATIZACIÓN,CLIMATIZACION,CARROCERIAS BUSES,SPHEROS,7388,CC430 PARADISO 1800 DD,https://firebasestorage.googleapis.com/v0/b/imagenimplementos.appspot.com/o/150%2FMARSAL0920.jpg?alt=media,https://firebasestorage.googleapis.com/v0/b/imagenimplementos.appspot.com/o/450%2FMARSAL0920.jpg?alt=media
MARSAL0941,A/C CAJA / SOPORTE / PARA FUSIBLE 125A,UN,18990,5815.5,5637148441,5637148330,17077679/0001-10,Normal,OEM,015-00031-000_2,AIRE ACONDICIONADO CLIMATIZACIÓN,CLIMATIZACION,CARROCERIAS BUSES,SPHEROS,15467,CC160T/170T/200 SENIOR/ 300/350 RODOVIARIOS / 430 PARADISO 1800 DD,https://firebasestorage.googleapis.com/v0/b/imagenimplementos.appspot.com/o/150%2FMARSAL0941.jpg?alt=media,https://firebasestorage.googleapis.com/v0/b/imagenimplementos.appspot.com/o/450%2FMARSAL0941.jpg?alt=media
CMPACC0002,TAPA CROMADA EJE TRASERO,UN,16790,6434.2,5637148382,5637147580,2427,Normal,ALTERNATIVO 1,017-020_1,TAPAS DE RUEDA,CABINA EXTERIOR CAMIONES,CABINA CAMIONES,MULTIPARTES,13651,PLASTICO CROMADO  10 HOYOS,https://firebasestorage.googleapis.com/v0/b/imagenimplementos.appspot.com/o/150%2FCMPACC0002.jpg?alt=media,https://firebasestorage.googleapis.com/v0/b/imagenimplementos.appspot.com/o/450%2FCMPACC0002.jpg?alt=media
CMPACC0001,TAPA CROMADA EJE DELANTERO,UN,14790,5341.9,5637148382,5637147580,2427,Normal,ALTERNATIVO 1,017-021_1,TAPAS DE RUEDA,CABINA EXTERIOR CAMIONES,CABINA CAMIONES,MULTIPARTES,11946,PLASTICO CROMADO  10 HOYOS,https://firebasestorage.googleapis.com/v0/b/imagenimplementos.appspot.com/o/150%2FCMPACC0001.jpg?alt=media,https://firebasestorage.googleapis.com/v0/b/imagenimplementos.appspot.com/o/450%2FCMPACC0001.jpg?alt=media
CMPACC0003,TAPA TUERCA CROMADA 33MM - REFLEX.  CRISTAL,UN,9990,4853.5,5637148382,5637147580,2427,Normal,ALTERNATIVO,017-022-6,TAPAS DE RUEDA,CABINA EXTERIOR CAMIONES,CABINA CAMIONES,MULTIPARTES,10571,PACK 10 UNIDADES - PLASTICO CROMADO,https://firebasestorage.googleapis.com/v0/b/imagenimplementos.appspot.com/o/150%2FCMPACC0003.jpg?alt=media,https://firebasestorage.googleapis.com/v0/b/imagenimplementos.appspot.com/o/450%2FCMPACC0003.jpg?alt=media
CMPACC0015,TAPA TUERCA CROMADA 33MM - CONICA,Un,11990,5200.8,5637148382,5637147580,2427,Comercial,ALTERNATIVO,017-024-4,TAPAS DE RUEDA,CABINA EXTERIOR CAMIONES,CABINA CAMIONES,BLACKSMITH,11990,PACK 10 UNIDADES - PLASTICO CROMADO,https://firebasestorage.googleapis.com/v0/b/imagenimplementos.appspot.com/o/150%2FCMPACC0015.jpg?alt=media,https://firebasestorage.googleapis.com/v0/b/imagenimplementos.appspot.com/o/450%2FCMPACC0015.jpg?alt=media
HERCAR0023,ADHSIVO EPOXICO NEGRO PEGATANKE,Un,6990,4203.5,5637148621,5637148369,76543035-6,Comercial,GENUINO,01PTKNegro BL,ADHESIVOS,SELLANTES Y ADHESIVOS,SEGURIDAD Y HERRAMIENTAS,3M,6990,ADHSIVO EPOXICO NEGRO-SOLDADURA EN FRIO PEGATANKE,https://firebasestorage.googleapis.com/v0/b/imagenimplementos.appspot.com/o/150%2FHERCAR0023.jpg?alt=media,https://firebasestorage.googleapis.com/v0/b/imagenimplementos.appspot.com/o/450%2FHERCAR0023.jpg?alt=media
MARSAL0952,A/C MOTOR VENTILADOR CONDENSADOR DCM 24VCC,UN,230490,64465.3,5637148441,5637148330,17077679/0001-10,Normal,GENUINO,021-00003-000_1,AIRE ACONDICIONADO CLIMATIZACIÓN,CLIMATIZACION,CARROCERIAS BUSES,SPHEROS,180515,CC140/150/160/165S/170S / VOLARE TB11S3001,https://firebasestorage.googleapis.com/v0/b/imagenimplementos.appspot.com/o/150%2FMARSAL0952.jpg?alt=media,https://firebasestorage.googleapis.com/v0/b/imagenimplementos.appspot.com/o/450%2FMARSAL0952.jpg?alt=media
MARSAL0669,A/C MOTOR VENTILADOR EVAPORADOR SPAL 24 V,UN,178090,72026.8,5637148441,5637148330,17077679/0001-10,Comercial,GENUINO,021-00014-000_1,AIRE ACONDICIONADO CLIMATIZACIÓN,CLIMATIZACION,CARROCERIAS BUSES,SPHEROS,136409,SPHEROS,https://firebasestorage.googleapis.com/v0/b/imagenimplementos.appspot.com/o/150%2FMARSAL0669.jpg?alt=media,https://firebasestorage.googleapis.com/v0/b/imagenimplementos.appspot.com/o/450%2FMARSAL0669.jpg?alt=media
MARSAL0676,A/C MOTOR VENTILADOR AXIAL CONDENSADOR SPAL 24V,UN,166990,67118.5,5637148441,5637148330,17077679/0001-10,Normal,GENUINO,021-00015-000_1,AIRE ACONDICIONADO CLIMATIZACIÓN,CLIMATIZACION,CARROCERIAS BUSES,WEBASTO,141237,SPHEROS,https://firebasestorage.googleapis.com/v0/b/imagenimplementos.appspot.com/o/150%2FMARSAL0676.jpg?alt=media,https://firebasestorage.googleapis.com/v0/b/imagenimplementos.appspot.com/o/450%2FMARSAL0676.jpg?alt=media
MARSAL1217,A/C MOTOR VENTILADOR AXIAL CONDENSADOR TRANSACTA  24V,UN,74690,18681,5637148441,5637148330,2.11E+13,Normal,ALTERNATIVO 1,021-00063-000_1,AIRE ACONDICIONADO CLIMATIZACIÓN,CLIMATIZACION,CARROCERIAS BUSES,SPHEROS,130600,TRANSACTA,https://firebasestorage.googleapis.com/v0/b/imagenimplementos.appspot.com/o/150%2FMARSAL1217.jpg?alt=media,https://firebasestorage.googleapis.com/v0/b/imagenimplementos.appspot.com/o/450%2FMARSAL1217.jpg?alt=media
MARSAL1222,"MOTOR VENTILADOR RADIAL EVAPORADOR ""SPHEROS/VALEO"" 24 VOLTS",UN,89090,25726.6,5637148441,5637148330,2.11E+13,Comercial,GENUINO,021-00064-000_1,AIRE ACONDICIONADO CLIMATIZACIÓN,CLIMATIZACION,CARROCERIAS BUSES,VALEO,74589,TODOS LOS MODELOS,https://firebasestorage.googleapis.com/v0/b/imagenimplementos.appspot.com/o/150%2FMARSAL1222.jpg?alt=media,https://firebasestorage.googleapis.com/v0/b/imagenimplementos.appspot.com/o/450%2FMARSAL1222.jpg?alt=media
JANLLA0002,LLANTA ARTILLERA 8.50X24 HD,UN,112390,59763.8,5637171580,5637170832,46,Normal,ALTERNATIVO 1,2483,LLANTAS ACERO,LLANTAS,RODADO,JANTSA,121280,P:48 KG CARGA 4500 KG JANTSA TURCA GRIS PLATA,https://firebasestorage.googleapis.com/v0/b/imagenimplementos.appspot.com/o/150%2FJANLLA0002.jpg?alt=media,https://firebasestorage.googleapis.com/v0/b/imagenimplementos.appspot.com/o/450%2FJANLLA0002.jpg?alt=media
HERCAR0024,ADHSIVO EPOXICO BLANCO PEGATANKE,Un,6990,4196.2,5637148621,5637148369,76543035-6,Comercial,GENUINO,02PTKBlanco BL,ADHESIVOS,SELLANTES Y ADHESIVOS,SEGURIDAD Y HERRAMIENTAS,3M,6990,ADHSIVO EPOXICO BLANCO-SOLDADURA EN FRIO PEGATANKE,https://firebasestorage.googleapis.com/v0/b/imagenimplementos.appspot.com/o/150%2FHERCAR0024.jpg?alt=media,https://firebasestorage.googleapis.com/v0/b/imagenimplementos.appspot.com/o/450%2FHERCAR0024.jpg?alt=media
MWMMOT0478,O RING CAMISA MOTOR,UN,3190,944.8,5637148564,5637148357,3172,Descontinuado,OEM,0302AAV00110N_1,EMPAQUETADURAS / RETENES / SELLOS,MOTOR,POTENCIA Y TRANSMISION,MWM,2879,MWM 410/610TCA  MWM 412/612TCA ELECT,https://firebasestorage.googleapis.com/v0/b/imagenimplementos.appspot.com/o/150%2FMWMMOT0478.jpg?alt=media,https://firebasestorage.googleapis.com/v0/b/imagenimplementos.appspot.com/o/450%2FMWMMOT0478.jpg?alt=media
MARSAL1114,A/C CORREA V DOBLE DENTADA 2/BX81 COMPRESOR B10R,UN,31890,16691.3,5637148441,5637148330,93725000-2,Comercial,OEM,033-00187-000_2,AIRE ACONDICIONADO CLIMATIZACIÓN,CLIMATIZACION,CARROCERIAS BUSES,GOODYEAR,38646,2/BX81/17X2135,https://firebasestorage.googleapis.com/v0/b/imagenimplementos.appspot.com/o/150%2FMARSAL1114.jpg?alt=media,https://firebasestorage.googleapis.com/v0/b/imagenimplementos.appspot.com/o/450%2FMARSAL1114.jpg?alt=media
MARSAL0970,A/C SOPORTE AMORTIGUADOR BASE COMPRESOR BITZER,UN,80890,23179.9,5637148441,5637148330,17077679/0001-10,Normal,GENUINO,039-00031-000_1,AIRE ACONDICIONADO CLIMATIZACIÓN,CLIMATIZACION,CARROCERIAS BUSES,SPHEROS,65115,NO DISTRIBUIR,https://firebasestorage.googleapis.com/v0/b/imagenimplementos.appspot.com/o/150%2FMARSAL0970.jpg?alt=media,https://firebasestorage.googleapis.com/v0/b/imagenimplementos.appspot.com/o/450%2FMARSAL0970.jpg?alt=media
MARFRT1011,MOTOR L/P 24 V / IMOBRAS,UN,59790,20376.3,5637148456,5637148333,2484,Comercial,OEM,04.904.24,MOTOR LP,MECANISMO LIMPIAPARABRISA,CARROCERIAS BUSES,IMOBRAS,55427,1 ANCLAJE 30N,https://firebasestorage.googleapis.com/v0/b/imagenimplementos.appspot.com/o/150%2FMARFRT1011.jpg?alt=media,https://firebasestorage.googleapis.com/v0/b/imagenimplementos.appspot.com/o/450%2FMARFRT1011.jpg?alt=media
RHIVIA0001,CINTA REFLECTANTE R/B BLACKSMITH - ROLLO,RLL,36990,17538.4,5637148620,5637148368,799836254,Normal,ALTERNATIVO,047.0067.04_1,CINTAS REFLECTANTES RB / B,SEGURIDAD VIAL,SEGURIDAD Y HERRAMIENTAS,BLACKSMITH,49989,CINTA REFLECTANTE ROJO Y BLANCO BLACKSMITH  ROLLO 457 MTS,https://firebasestorage.googleapis.com/v0/b/imagenimplementos.appspot.com/o/150%2FRHIVIA0001.jpg?alt=media,https://firebasestorage.googleapis.com/v0/b/imagenimplementos.appspot.com/o/450%2FRHIVIA0001.jpg?alt=media
RHIVIA0003,CINTA REFLECTANTE R/B RHINO - BLISTER,UN,1990,856.3,5637148620,5637148368,799836254,Comercial,ALTERNATIVO,047.0067.06_1,CINTAS REFLECTANTES RB / B,SEGURIDAD VIAL,SEGURIDAD Y HERRAMIENTAS,BLACKSMITH,1989,CINTA REFLECTANTE ROJO Y BLANCO RHINO  BLISTE X 4 TIRAS 18' C/U,https://firebasestorage.googleapis.com/v0/b/imagenimplementos.appspot.com/o/150%2FRHIVIA0003.jpg?alt=media,https://firebasestorage.googleapis.com/v0/b/imagenimplementos.appspot.com/o/450%2FRHIVIA0003.jpg?alt=media
RHIVIA0002,CINTA REFLECTANTE FLUOR RHINO - ROLLO,RLL,71090,24401.4,5637148619,5637148368,799836254,Comercial,ALTERNATIVO,047.0067.07_1,CINTAS REFLECTANTES OTRAS,SEGURIDAD VIAL,SEGURIDAD Y HERRAMIENTAS,BLACKSMITH,62722,CINTA REFLECTANTE AMARILLO FLUOR RHINO  ROLLO 457 MTS,https://firebasestorage.googleapis.com/v0/b/imagenimplementos.appspot.com/o/150%2FRHIVIA0002.jpg?alt=media,https://firebasestorage.googleapis.com/v0/b/imagenimplementos.appspot.com/o/450%2FRHIVIA0002.jpg?alt=media
BATFRE0010,"TAMBOR FRENO 10 HOYOS 8"" X 16.5"" EUROPEO",UN,102990,42286.1,5637173830,5637148343,07041007/0001-09,Normal,ALTERNATIVO,6255,TAMBORES DE FRENO,FRICCION,SISTEMA DE FRENO,BATISTA,96563,TAMBOR  DE  FRENO EUROPEO OUT BOARD ALTURA 286 MM PARA  EJE  SUSPENSYS  EQUIPO  RANDON,https://firebasestorage.googleapis.com/v0/b/imagenimplementos.appspot.com/o/150%2FBATFRE0010.jpg?alt=media,https://firebasestorage.googleapis.com/v0/b/imagenimplementos.appspot.com/o/450%2FBATFRE0010.jpg?alt=media
SBUAIR0049,"TECALAN 1/2"" NEGRO",RLL,23690,4530.8,5637148519,5637148345,470947430001-31,Comercial,OEM,0720012T,MANGUERAS / TECALAN,SISTEMA NEUMATICO,SISTEMA DE FRENO,SUNTECH,20990,ROLLO 25 MT ,https://firebasestorage.googleapis.com/v0/b/imagenimplementos.appspot.com/o/150%2FSBUAIR0049.jpg?alt=media,https://firebasestorage.googleapis.com/v0/b/imagenimplementos.appspot.com/o/450%2FSBUAIR0049.jpg?alt=media
SBUAIR0048,"TECALAN 3/8"" NEGRO",RLL,17890,8047.2,5637148519,5637148345,470947430001-31,Comercial,OEM,0720038T,MANGUERAS / TECALAN,SISTEMA NEUMATICO,SISTEMA DE FRENO,SUNTECH,15990,ROLLO 25 MT ,https://firebasestorage.googleapis.com/v0/b/imagenimplementos.appspot.com/o/150%2FSBUAIR0048.jpg?alt=media,https://firebasestorage.googleapis.com/v0/b/imagenimplementos.appspot.com/o/450%2FSBUAIR0048.jpg?alt=media
SBUAIR0044,TECALAN 10 MM NEGRO,RLL,22590,6628.4,5637148519,5637148345,470947430001-31,Comercial,OEM,07201007T,MANGUERAS / TECALAN,SISTEMA NEUMATICO,SISTEMA DE FRENO,SUNTECH,14990,ROLLO 25 MT ,https://firebasestorage.googleapis.com/v0/b/imagenimplementos.appspot.com/o/150%2FSBUAIR0044.jpg?alt=media,https://firebasestorage.googleapis.com/v0/b/imagenimplementos.appspot.com/o/450%2FSBUAIR0044.jpg?alt=media
SBUAIR0045,TECALAN 12 MM NEGRO,RLL,26790,1332.5,5637148519,5637148345,470947430001-31,Comercial,OEM,07201209T,MANGUERAS / TECALAN,SISTEMA NEUMATICO,SISTEMA DE FRENO,SUNTECH,19990,ROLLO 25 MT ,https://firebasestorage.googleapis.com/v0/b/imagenimplementos.appspot.com/o/150%2FSBUAIR0045.jpg?alt=media,https://firebasestorage.googleapis.com/v0/b/imagenimplementos.appspot.com/o/450%2FSBUAIR0045.jpg?alt=media
SBUAIR0046,TECALAN 16 MM NEGRO,RLL,35690,12676.5,5637148519,5637148345,470947430001-31,Comercial,OEM,07201612T,MANGUERAS / TECALAN,SISTEMA NEUMATICO,SISTEMA DE FRENO,SUNTECH,31990,ROLLO 25 MT ,https://firebasestorage.googleapis.com/v0/b/imagenimplementos.appspot.com/o/150%2FSBUAIR0046.jpg?alt=media,https://firebasestorage.googleapis.com/v0/b/imagenimplementos.appspot.com/o/450%2FSBUAIR0046.jpg?alt=media
SBUAIR0050,MANGUERA ESPIRAL M16 AMARILLA,Un,15890,4087.3,5637148519,5637148345,470947430001-31,Comercial,OEM,08205516VWTAM,MANGUERAS / TECALAN,SISTEMA NEUMATICO,SISTEMA DE FRENO,SUNTECH,9980,20 ESPIRAS ,https://firebasestorage.googleapis.com/v0/b/imagenimplementos.appspot.com/o/150%2FSBUAIR0050.jpg?alt=media,https://firebasestorage.googleapis.com/v0/b/imagenimplementos.appspot.com/o/450%2FSBUAIR0050.jpg?alt=media
SBUAIR0051,MANGUERA ESPIRAL M16 ROJA,Un,15890,4403.5,5637148519,5637148345,470947430001-31,Comercial,OEM,08205516VWTVM,MANGUERAS / TECALAN,SISTEMA NEUMATICO,SISTEMA DE FRENO,SUNTECH,9980,20 ESPIRAS,https://firebasestorage.googleapis.com/v0/b/imagenimplementos.appspot.com/o/150%2FSBUAIR0051.jpg?alt=media,https://firebasestorage.googleapis.com/v0/b/imagenimplementos.appspot.com/o/450%2FSBUAIR0051.jpg?alt=media
SBUAIR0052,MANGUERA ESPIRAL 1/2 AMARILLA,Un,14990,4099.6,5637148519,5637148345,470947430001-31,Comercial,OEM,0820UN012TAM,MANGUERAS / TECALAN,SISTEMA NEUMATICO,SISTEMA DE FRENO,SUNTECH,7989,16 ESPIRAS,https://firebasestorage.googleapis.com/v0/b/imagenimplementos.appspot.com/o/150%2FSBUAIR0052.jpg?alt=media,https://firebasestorage.googleapis.com/v0/b/imagenimplementos.appspot.com/o/450%2FSBUAIR0052.jpg?alt=media
SBUAIR0053,MANGUERA ESPIRAL 1/2 ROJA,Un,14990,4135.7,5637148519,5637148345,470947430001-31,Comercial,OEM,0820UN012TVM,MANGUERAS / TECALAN,SISTEMA NEUMATICO,SISTEMA DE FRENO,SUNTECH,7989,16 ESPIRAS,https://firebasestorage.googleapis.com/v0/b/imagenimplementos.appspot.com/o/150%2FSBUAIR0053.jpg?alt=media,https://firebasestorage.googleapis.com/v0/b/imagenimplementos.appspot.com/o/450%2FSBUAIR0053.jpg?alt=media
HDPACC0030,SOPLADOR DE AIRE PARA CABINA,UN,11190,3642.9,5637148406,5637147587,470947430001-31,Normal,ALTERNATIVO,0831B014LCAZ,OTROS COMPONENTES ACCESORIOS,ACCESORIOS,CAJA DE CARGA EQUIPOS,HDP,9810,35 MT COLOR AZUL,https://firebasestorage.googleapis.com/v0/b/imagenimplementos.appspot.com/o/150%2FHDPACC0030.jpg?alt=media,https://firebasestorage.googleapis.com/v0/b/imagenimplementos.appspot.com/o/450%2FHDPACC0030.jpg?alt=media
BATFRE0006,TAMBOR FRENO 6 HOYOS 128 X 325 MM. DEL / TRAS,UN,51790,29637.1,5637173830,5637148343,07041007/0001-09,Normal,ALTERNATIVO,8535,TAMBORES DE FRENO,FRICCION,SISTEMA DE FRENO,BATISTA,45813,BATISTA  VW 2R0609617A DEL / TRAS BUS 8T,https://firebasestorage.googleapis.com/v0/b/imagenimplementos.appspot.com/o/150%2FBATFRE0006.jpg?alt=media,https://firebasestorage.googleapis.com/v0/b/imagenimplementos.appspot.com/o/450%2FBATFRE0006.jpg?alt=media
FIRSUS0035,KIT BOLSA Y PLATO SUPERIOR 1T19L-11,UN,104990,67038.3,5637148650,5637148373,57497539/0001-15,Normal,OEM,"950,735",PULMONES SUSPENSION / LEVANTE,SUSPENSIONES,SUSPENSION Y ENGANCHE,FIRESTONE,119282,SOLO BOLSA Y PLATO SUPERIOR ( SIN CAMPANA INFERIOR),https://firebasestorage.googleapis.com/v0/b/imagenimplementos.appspot.com/o/150%2FFIRSUS0035.jpg?alt=media,https://firebasestorage.googleapis.com/v0/b/imagenimplementos.appspot.com/o/450%2FFIRSUS0035.jpg?alt=media
FIRSUS0041,PULMON SUSPENSION 1T19L-11,UN,133990,72008.4,5637148650,5637148373,57497539/0001-15,Normal,OEM,"950,736",PULMONES SUSPENSION / LEVANTE,SUSPENSIONES,SUSPENSION Y ENGANCHE,FIRESTONE,117889,SUSPENSION NEUMATICA COMBINADA 123 GENERACION  CON BASE INFERIOR DE ACERO,https://firebasestorage.googleapis.com/v0/b/imagenimplementos.appspot.com/o/150%2FFIRSUS0041.jpg?alt=media,https://firebasestorage.googleapis.com/v0/b/imagenimplementos.appspot.com/o/450%2FFIRSUS0041.jpg?alt=media
TROELE0019,CONECTOR  ELECTRICO  FOCO LED 2 CONTACTOS,UN,1290,266.5,5637148404,5637147587,10102976,Normal,ALTERNATIVO 1,0-CON-2_1,FOCOS RQ / SEMIRQ,ACCESORIOS,CAJA DE CARGA EQUIPOS,TRO-GRIM,863,CONECTOR ELECTRICO DE 2 CONTACTOS PARA FOCOS TROELE,https://firebasestorage.googleapis.com/v0/b/imagenimplementos.appspot.com/o/150%2FTROELE0019.jpg?alt=media,https://firebasestorage.googleapis.com/v0/b/imagenimplementos.appspot.com/o/450%2FTROELE0019.jpg?alt=media
TROELE0020,CONECTOR  ELECTRICO  FOCO LED 3 CONTACTOS,UN,1290,365.2,5637148404,5637147587,10102976,Normal,ALTERNATIVO 1,0-CON-3_1,FOCOS RQ / SEMIRQ,ACCESORIOS,CAJA DE CARGA EQUIPOS,TRO-GRIM,936,CONECTOR ELECTRICO DE 3  CONTACTOS  PARA  FOCO TROELE,https://firebasestorage.googleapis.com/v0/b/imagenimplementos.appspot.com/o/150%2FTROELE0020.jpg?alt=media,https://firebasestorage.googleapis.com/v0/b/imagenimplementos.appspot.com/o/450%2FTROELE0020.jpg?alt=media
ATMFRE0015,KIT REP.FRENO 16.5 Q Q,UN,10890,3208.2,5637148500,5637148342,223313040,Normal,ALTERNATIVO,100.4515.22_1,KIT REPARACION FRENOS,FRENOS,SISTEMA DE FRENO,AUTOMANN,8538,E2769SHD,https://firebasestorage.googleapis.com/v0/b/imagenimplementos.appspot.com/o/150%2FATMFRE0015.jpg?alt=media,https://firebasestorage.googleapis.com/v0/b/imagenimplementos.appspot.com/o/450%2FATMFRE0015.jpg?alt=media
RANACC0883,SOPORTE IZQUIERDO CAJA PLASTICA RANDON,UN,28690,12418.9,5637148402,5637147587,89086144/0001-16,Normal,GENUINO,100000029847_1,CAJAS PORTA ACCESORIOS,ACCESORIOS,CAJA DE CARGA EQUIPOS,RANDON,25183,LINEA R,https://firebasestorage.googleapis.com/v0/b/imagenimplementos.appspot.com/o/150%2FRANACC0883.jpg?alt=media,https://firebasestorage.googleapis.com/v0/b/imagenimplementos.appspot.com/o/450%2FRANACC0883.jpg?alt=media
RANACC0884,SOPORTE DERECHO CAJA PLASTICA RANDON,UN,28790,12686.1,5637148402,5637147587,89086144/0001-16,Normal,GENUINO,100000029849_1,CAJAS PORTA ACCESORIOS,ACCESORIOS,CAJA DE CARGA EQUIPOS,RANDON,25470,LINEA R,https://firebasestorage.googleapis.com/v0/b/imagenimplementos.appspot.com/o/150%2FRANACC0884.jpg?alt=media,https://firebasestorage.googleapis.com/v0/b/imagenimplementos.appspot.com/o/450%2FRANACC0884.jpg?alt=media
RANACC0882,CAJA HERRAMIENTAS  PLASTICA  500X500X500,UN,181590,40787.6,5637148402,5637147587,89086144/0001-16,Normal,GENUINO,100000034160_1,CAJAS PORTA ACCESORIOS,ACCESORIOS,CAJA DE CARGA EQUIPOS,RANDON,152028,CON CHAPA SR EN GENERAL LINEA R,https://firebasestorage.googleapis.com/v0/b/imagenimplementos.appspot.com/o/150%2FRANACC0882.jpg?alt=media,https://firebasestorage.googleapis.com/v0/b/imagenimplementos.appspot.com/o/450%2FRANACC0882.jpg?alt=media
RANSUS0147,BALANCIN ESTAMPADO Ø50 MM.,UN,104690,48508,5637148645,5637148373,89086144/0001-16,Descontinuado,GENUINO,100000038769_1,BALANCINES / TORRES,SUSPENSIONES,SUSPENSION Y ENGANCHE,RANDON,104696,SR EN GENERAL  CURVO L:430 X 117,https://firebasestorage.googleapis.com/v0/b/imagenimplementos.appspot.com/o/150%2FRANSUS0147.jpg?alt=media,https://firebasestorage.googleapis.com/v0/b/imagenimplementos.appspot.com/o/450%2FRANSUS0147.jpg?alt=media
RANFRE0235,ANILLO IMPULSO ABS,UN,46890,6104.5,5637148495,5637148341,89086144/0001-16,Normal,GENUINO,100000047899_1,ABS,ABS / EBS,SISTEMA DE FRENO,RANDON,42610,ANILLO DENTADO ABS,https://firebasestorage.googleapis.com/v0/b/imagenimplementos.appspot.com/o/150%2FRANFRE0235.jpg?alt=media,https://firebasestorage.googleapis.com/v0/b/imagenimplementos.appspot.com/o/450%2FRANFRE0235.jpg?alt=media
RANACC0886,CHAPA CAJA DE HERRAMIENTAS,UN,28690,6344,5637148402,5637147587,89086144/0001-16,Normal,GENUINO,100000067803_1,CAJAS PORTA ACCESORIOS,ACCESORIOS,CAJA DE CARGA EQUIPOS,RANDON,21925,LINEA R,https://firebasestorage.googleapis.com/v0/b/imagenimplementos.appspot.com/o/150%2FRANACC0886.jpg?alt=media,https://firebasestorage.googleapis.com/v0/b/imagenimplementos.appspot.com/o/450%2FRANACC0886.jpg?alt=media
JOSENG0140,ZAPATA TIPO S COMPLETA,UN,99690,39377.2,5637148627,5637148371,8.44E+11,Normal,OEM,100000131413_1,CANDADOS / DISCOS / ZAPATAS,ENGANCHE,SUSPENSION Y ENGANCHE,JOST,79353,SOLO BASE COMPLETA /AD00511J00,https://firebasestorage.googleapis.com/v0/b/imagenimplementos.appspot.com/o/150%2FJOSENG0140.jpg?alt=media,https://firebasestorage.googleapis.com/v0/b/imagenimplementos.appspot.com/o/450%2FJOSENG0140.jpg?alt=media
RANFRE0352,TAPA MAZA 5 HOYOS EJE 80/90,UN,10490,3963.7,5637171598,5637170831,10523280/0001-76,Comercial,GENUINO,1.00E+11,TAPAS / HUBODOMETROS / GOLILLAS,COMPONENTES DE MAZAS,RODADO,RANDON,1189998,SR Y RQ EN GENERAL - 5 HOYOS - 17.5 CM. DIAM.,https://firebasestorage.googleapis.com/v0/b/imagenimplementos.appspot.com/o/150%2FRANFRE0352.jpg?alt=media,https://firebasestorage.googleapis.com/v0/b/imagenimplementos.appspot.com/o/450%2FRANFRE0352.jpg?alt=media
RANSUS0649,BUJE BRAZO SUSPENSION FS250,UN,89990,25998.5,5637148646,5637148373,89086144/0001-16,Normal,GENUINO,100000133571_1,BUJES SUSPENSION,SUSPENSIONES,SUSPENSION Y ENGANCHE,RANDON,78801,NUEVO  REEMPLAZA RANSUS0529,https://firebasestorage.googleapis.com/v0/b/imagenimplementos.appspot.com/o/150%2FRANSUS0649.jpg?alt=media,https://firebasestorage.googleapis.com/v0/b/imagenimplementos.appspot.com/o/450%2FRANSUS0649.jpg?alt=media
RANACC0924,CATRACA SIDER TRASERA DERECHA,UN,62790,27044.4,5637148422,5637147592,89086144/0001-16,Comercial,GENUINO,100000147548_1,OTROS COMPONENTES FURGONES / SIDERS,FURGONES / SIDERS,CAJA DE CARGA EQUIPOS,RANDON,52930,SIDER LINEA R 2016,https://firebasestorage.googleapis.com/v0/b/imagenimplementos.appspot.com/o/150%2FRANACC0924.jpg?alt=media,https://firebasestorage.googleapis.com/v0/b/imagenimplementos.appspot.com/o/450%2FRANACC0924.jpg?alt=media
RANACC0923,CATRACA SIDER TRASERA  IZQUIERDA,UN,62790,27027,5637148422,5637147592,89086144/0001-16,Comercial,GENUINO,100000147549_1,OTROS COMPONENTES FURGONES / SIDERS,FURGONES / SIDERS,CAJA DE CARGA EQUIPOS,RANDON,54000,SIDER LINEA R 2016,https://firebasestorage.googleapis.com/v0/b/imagenimplementos.appspot.com/o/150%2FRANACC0923.jpg?alt=media,https://firebasestorage.googleapis.com/v0/b/imagenimplementos.appspot.com/o/450%2FRANACC0923.jpg?alt=media
RANACC0894,CAJA PORTA EXTINTOR PARA 6 KG,UN,33090,14972.8,5637148402,5637147587,89086144/0001-16,Normal,GENUINO,100000151099_1,CAJAS PORTA ACCESORIOS,ACCESORIOS,CAJA DE CARGA EQUIPOS,RANDON,29347,MEDIDAS ALTO 620/ANCHO 310 /LARGO 260,https://firebasestorage.googleapis.com/v0/b/imagenimplementos.appspot.com/o/150%2FRANACC0894.jpg?alt=media,https://firebasestorage.googleapis.com/v0/b/imagenimplementos.appspot.com/o/450%2FRANACC0894.jpg?alt=media
RANACC0896,CAJA PORTA EXTINTOR PARA 12 KG,UN,36390,15132.8,5637148402,5637147587,89086144/0001-16,Normal,GENUINO,100000151100_1,CAJAS PORTA ACCESORIOS,ACCESORIOS,CAJA DE CARGA EQUIPOS,RANDON,32889,MEDIDAS ALTO 770/ANCHO 310 /LARGO 260,https://firebasestorage.googleapis.com/v0/b/imagenimplementos.appspot.com/o/150%2FRANACC0896.jpg?alt=media,https://firebasestorage.googleapis.com/v0/b/imagenimplementos.appspot.com/o/450%2FRANACC0896.jpg?alt=media
RANACC0895,CAJA PORTA EXTINTOR PARA 9 KG,UN,34390,14515.2,5637148402,5637147587,89086144/0001-16,Normal,GENUINO,100000154848_1,CAJAS PORTA ACCESORIOS,ACCESORIOS,CAJA DE CARGA EQUIPOS,RANDON,30528,MEDIDAS ALTO 690/ANCHO 310 /LARGO 260,https://firebasestorage.googleapis.com/v0/b/imagenimplementos.appspot.com/o/150%2FRANACC0895.jpg?alt=media,https://firebasestorage.googleapis.com/v0/b/imagenimplementos.appspot.com/o/450%2FRANACC0895.jpg?alt=media
RANELE0119,FOCO PATENTE BLANCO 24 VOLTS,UN,5590,1405.4,5637148404,5637147587,89086144/0001-16,Normal,GENUINO,1.00E+11,FOCOS RQ / SEMIRQ,ACCESORIOS,CAJA DE CARGA EQUIPOS,RANDON,3886,FOCO PATENTE COLOR BLANCO-CRISTAL PARA AMPOLLETA  2003 RQ FORESTAL,https://firebasestorage.googleapis.com/v0/b/imagenimplementos.appspot.com/o/150%2FRANELE0119.jpg?alt=media,https://firebasestorage.googleapis.com/v0/b/imagenimplementos.appspot.com/o/450%2FRANELE0119.jpg?alt=media
JOSENG0137,PIÑA CONTENEDOR JOST,UN,38990,18929.3,5637148633,5637148371,8.44E+11,Normal,OEM,1.00E+11,PIÑAS,ENGANCHE,SUSPENSION Y ENGANCHE,JOST,38047,NUEVO MODELO  ANCHO LADO EXTERNO 91 MM,https://firebasestorage.googleapis.com/v0/b/imagenimplementos.appspot.com/o/150%2FJOSENG0137.jpg?alt=media,https://firebasestorage.googleapis.com/v0/b/imagenimplementos.appspot.com/o/450%2FJOSENG0137.jpg?alt=media
JOSENG0138,PIÑA CONTENEDOR JOST CONTORNO LATERAL,UN,41990,19941.5,5637148633,5637148371,8.44E+11,Normal,OEM,1.00E+11,PIÑAS,ENGANCHE,SUSPENSION Y ENGANCHE,JOST,50054,NUEVO MODELO/IDENTICA A JOSENG0137 PERO CON CONTORNO LATERAL,https://firebasestorage.googleapis.com/v0/b/imagenimplementos.appspot.com/o/150%2FJOSENG0138.jpg?alt=media,https://firebasestorage.googleapis.com/v0/b/imagenimplementos.appspot.com/o/450%2FJOSENG0138.jpg?alt=media
RANECO0002,BALANCIN ESTAMPADO 50 MM.,UN,105990,20271.5,5637148645,5637148373,10523280/0001-76,Normal,GENUINO,1.00E+11,BALANCINES / TORRES,SUSPENSIONES,SUSPENSION Y ENGANCHE,RANDON,82422,SR EN GENERAL  CURVO L:430 X 117,https://firebasestorage.googleapis.com/v0/b/imagenimplementos.appspot.com/o/150%2FRANECO0002.jpg?alt=media,https://firebasestorage.googleapis.com/v0/b/imagenimplementos.appspot.com/o/450%2FRANECO0002.jpg?alt=media
RANSUS0493,BALANCIN LUB FREE,UN,135490,36062.1,5637148645,5637148373,10523280/0001-76,Normal,GENUINO,1.00E+11,BALANCINES / TORRES,SUSPENSIONES,SUSPENSION Y ENGANCHE,RANDON,138100,SISTEMA LUB FREE  BUJE PASADOR M30,https://firebasestorage.googleapis.com/v0/b/imagenimplementos.appspot.com/o/150%2FRANSUS0493.jpg?alt=media,https://firebasestorage.googleapis.com/v0/b/imagenimplementos.appspot.com/o/450%2FRANSUS0493.jpg?alt=media
RANSUS0515,AMORTIGUADOR SUSPENSION FS250,UN,99990,49943.6,5637148644,5637148373,10523280/0001-76,Normal,GENUINO,1.00E+11,AMORTIGUADORES,SUSPENSIONES,SUSPENSION Y ENGANCHE,RANDON,103994,SUSPENSION FS250  COFAP 45223,https://firebasestorage.googleapis.com/v0/b/imagenimplementos.appspot.com/o/150%2FRANSUS0515.jpg?alt=media,https://firebasestorage.googleapis.com/v0/b/imagenimplementos.appspot.com/o/450%2FRANSUS0515.jpg?alt=media
SPYSUS0043,AMORTIGUADOR SUSPENSION NEUMATICA BAJA,UN,135490,33256.9,5637148644,5637148373,10523280/0001-76,Normal,OEM,1.00E+11,AMORTIGUADORES,SUSPENSIONES,SUSPENSION Y ENGANCHE,SUSPENSYS,103816,SUSPENSION NEUMATICA COMBINADA BAJA/COFAP 45145  PARA PERNO D24 MM,https://firebasestorage.googleapis.com/v0/b/imagenimplementos.appspot.com/o/150%2FSPYSUS0043.jpg?alt=media,https://firebasestorage.googleapis.com/v0/b/imagenimplementos.appspot.com/o/450%2FSPYSUS0043.jpg?alt=media
RANECO0001,PASADOR BALANCIN 50 MM.,UN,29990,10264.8,5637148648,5637148373,10523280/0001-76,Normal,GENUINO,1.00E+11,OTROS COMPONENTES SUSPENSIONES,SUSPENSIONES,SUSPENSION Y ENGANCHE,RANDON,37070,SUSPENSION ESTAMPADA Y 2000  L:202MM DECANAL:165,https://firebasestorage.googleapis.com/v0/b/imagenimplementos.appspot.com/o/150%2FRANECO0001.jpg?alt=media,https://firebasestorage.googleapis.com/v0/b/imagenimplementos.appspot.com/o/450%2FRANECO0001.jpg?alt=media
HDPEMB0001,RODAMIENTO EMPUJE VW 9-150 RODAMIENTO MEDIO,UN,50290,20065.2,5637148552,5637148354,007784609/0001-48,Normal,ALTERNATIVO,100035_1,OTROS REP DE EMBRAGUE,EMBRAGUE,POTENCIA Y TRANSMISION,3M,43714,MOTOR MWM CAJA ZF TEG 141 165,https://firebasestorage.googleapis.com/v0/b/imagenimplementos.appspot.com/o/150%2FHDPEMB0001.jpg?alt=media,https://firebasestorage.googleapis.com/v0/b/imagenimplementos.appspot.com/o/450%2FHDPEMB0001.jpg?alt=media
RIWANT0003,LUBRICANTE ANTICORROSIVO WD-40 311 GRS,UN,5490,3124.6,5637148607,5637148366,78615470-7,Normal,GENUINO,100050022_1,ANTICORROSIVOS,LIMPIEZA Y PROTECCION,SEGURIDAD Y HERRAMIENTAS,WD-40,5268,ANTICORROSIVO 311 GRS,https://firebasestorage.googleapis.com/v0/b/imagenimplementos.appspot.com/o/150%2FRIWANT0003.jpg?alt=media,https://firebasestorage.googleapis.com/v0/b/imagenimplementos.appspot.com/o/450%2FRIWANT0003.jpg?alt=media
RIWANT0001,LUBRICANTE ANTICORROSIVO WD-40 155 GRS,UN,3990,1968,5637148607,5637148366,78615470-7,Normal,GENUINO,100050050_1,ANTICORROSIVOS,LIMPIEZA Y PROTECCION,SEGURIDAD Y HERRAMIENTAS,WD-40,3262,ANTICORROSIVO 155 GRS,https://firebasestorage.googleapis.com/v0/b/imagenimplementos.appspot.com/o/150%2FRIWANT0001.jpg?alt=media,https://firebasestorage.googleapis.com/v0/b/imagenimplementos.appspot.com/o/450%2FRIWANT0001.jpg?alt=media
RIWANT0002,LUBRICANTE ANTICORROSIVO WD-40 254 GRS FLEXI TAPA,UN,4990,3111.9,5637148607,5637148366,78615470-7,Normal,GENUINO,100050060_1,ANTICORROSIVOS,LIMPIEZA Y PROTECCION,SEGURIDAD Y HERRAMIENTAS,WD-40,4587,ANTICORROSIVO 254 GRS,https://firebasestorage.googleapis.com/v0/b/imagenimplementos.appspot.com/o/150%2FRIWANT0002.jpg?alt=media,https://firebasestorage.googleapis.com/v0/b/imagenimplementos.appspot.com/o/450%2FRIWANT0002.jpg?alt=media
RIWPRO0003,WD-40 SPECIALIST PENETRANTE 311 GRS.,UN,6290,2687.5,5637148609,5637148366,78615470-7,Normal,GENUINO,100050086,PROFESIONAL,LIMPIEZA Y PROTECCION,SEGURIDAD Y HERRAMIENTAS,WD-40,4420,PENETRANTE 311 GRS,https://firebasestorage.googleapis.com/v0/b/imagenimplementos.appspot.com/o/150%2FRIWPRO0003.jpg?alt=media,https://firebasestorage.googleapis.com/v0/b/imagenimplementos.appspot.com/o/450%2FRIWPRO0003.jpg?alt=media
RIWPRO0002,WD-40 SPECIALIST LUBRICANTE DE SILICONA 311 GRS.,UN,4690,2403.4,5637148609,5637148366,78615470-7,Normal,GENUINO,100050087,PROFESIONAL,LIMPIEZA Y PROTECCION,SEGURIDAD Y HERRAMIENTAS,WD-40,4129,LUBRICANTE DE SILICONA 311 GRS,https://firebasestorage.googleapis.com/v0/b/imagenimplementos.appspot.com/o/150%2FRIWPRO0002.jpg?alt=media,https://firebasestorage.googleapis.com/v0/b/imagenimplementos.appspot.com/o/450%2FRIWPRO0002.jpg?alt=media
RIWPRO0001,WD-40 SPECIALIST LIMPIA CONTACTOS 326 ML,UN,5990,2611,5637148609,5637148366,78615470-7,Normal,GENUINO,100050093,PROFESIONAL,LIMPIEZA Y PROTECCION,SEGURIDAD Y HERRAMIENTAS,WD-40,4958,WD-40 Specialist LIMP. D/CONTACTOS 8OZ/226G/281ML 6C,https://firebasestorage.googleapis.com/v0/b/imagenimplementos.appspot.com/o/150%2FRIWPRO0001.jpg?alt=media,https://firebasestorage.googleapis.com/v0/b/imagenimplementos.appspot.com/o/450%2FRIWPRO0001.jpg?alt=media
MOBLUB0098,ACEITE MOTOR MOBIL DELVAC SUPER 20W50,BO,8490,6237,5637148491,5637148340,99520000-7,Descontinuado,ALTERNATIVO,100076_1,ACEITES,LUBRICANTES,INSUMOS PARA EQUIPOS BUSES Y CAMIONES,MOBIL,8406,BOTELLA 4 LTS 4X4 DIESEL,https://firebasestorage.googleapis.com/v0/b/imagenimplementos.appspot.com/o/150%2FMOBLUB0098.jpg?alt=media,https://firebasestorage.googleapis.com/v0/b/imagenimplementos.appspot.com/o/450%2FMOBLUB0098.jpg?alt=media
VIDVID0128,VIDRIO FIJO SALA LI/LD VIAGGIO 900 /1050 G7,UN,125790,44463.6,5637148465,5637148335,411,Normal,OEM,10008269_2,VIDRIOS,VIDRIOS Y PARABRISAS DE BUSES,CARROCERIAS BUSES,VIDROFORTE,140793,ANCHO 1690 ALTO 1065 / VIAGGIO/PARADISO PDSO 1200 G7 / QUEILENBUS,https://firebasestorage.googleapis.com/v0/b/imagenimplementos.appspot.com/o/150%2FVIDVID0128.jpg?alt=media,https://firebasestorage.googleapis.com/v0/b/imagenimplementos.appspot.com/o/450%2FVIDVID0128.jpg?alt=media
MG7TEC0003,FOCO TROCHA AMARILLO/AMARILLO G7,UN,16790,4707.9,5637148445,5637148331,88611835/0008-03,Normal,OEM,10008322_1,FAROLES / OPTICOS / SOQUETES,ILUMINACION,CARROCERIAS BUSES,MARCOPOLO,24600,TODOS LARGO 1636 /PADRON CHILE,https://firebasestorage.googleapis.com/v0/b/imagenimplementos.appspot.com/o/150%2FMG7TEC0003.jpg?alt=media,https://firebasestorage.googleapis.com/v0/b/imagenimplementos.appspot.com/o/450%2FMG7TEC0003.jpg?alt=media
MG7TRA0004,LUNETA TRASERA SIN BAÑO G7 / D/P,UN,229390,65129.4,5637148462,5637148335,411,Normal,GENUINO,10008410_1,LUNETAS,VIDRIOS Y PARABRISAS DE BUSES,CARROCERIAS BUSES,MARCOPOLO,228516,TODOS / ALTERNATIVO MG7TRA0016 PERO CON SERIGRAFIA BAÑO,https://firebasestorage.googleapis.com/v0/b/imagenimplementos.appspot.com/o/150%2FMG7TRA0004.jpg?alt=media,https://firebasestorage.googleapis.com/v0/b/imagenimplementos.appspot.com/o/450%2FMG7TRA0004.jpg?alt=media
MG7LAT0251,FOCO LATERAL POSICION AMARILLO G7,UN,11990,5474.5,5637148432,5637148327,2484,Descontinuado,ALTERNATIVO,10008544_2,LATERAL,CARROCERIA EXTERNA,CARROCERIAS BUSES,PRIORITY,11133,LED,https://firebasestorage.googleapis.com/v0/b/imagenimplementos.appspot.com/o/150%2FMG7LAT0251.jpg?alt=media,https://firebasestorage.googleapis.com/v0/b/imagenimplementos.appspot.com/o/450%2FMG7LAT0251.jpg?alt=media
MG7INT0036,MULTIPLEX G7 DISPLAY 3ª GENERACION,UN,281890,77954,5637148436,5637148328,88611835/0008-03,Descontinuado,GENUINO,10008582-3_1,ELECTRICO BUSES,CARROCERIA INTERNA,CARROCERIAS BUSES,MARCOPOLO,238393,REEMPLAZADO POR MG7INT0139  // ARTICULO PARA BUSES DESDE MARZO 2016 HACIA ATRÁS,https://firebasestorage.googleapis.com/v0/b/imagenimplementos.appspot.com/o/150%2FMG7INT0036.jpg?alt=media,https://firebasestorage.googleapis.com/v0/b/imagenimplementos.appspot.com/o/450%2FMG7INT0036.jpg?alt=media
MG7TEC0004,FOCO TROCHA BLANCO G7,UN,36290,5532.4,5637148445,5637148331,88611835/0008-03,Normal,OEM,10008604_2,FAROLES / OPTICOS / SOQUETES,ILUMINACION,CARROCERIAS BUSES,MARCOPOLO,24320,TODOS LUZ BLANCA LARGO 1636,https://firebasestorage.googleapis.com/v0/b/imagenimplementos.appspot.com/o/150%2FMG7TEC0004.jpg?alt=media,https://firebasestorage.googleapis.com/v0/b/imagenimplementos.appspot.com/o/450%2FMG7TEC0004.jpg?alt=media
MG7TEC0005,FOCO TROCHA CENTRAL TRASERO ROJO G7,UN,41390,14573.5,5637148445,5637148331,88611835/0008-03,Normal,OEM,10008605_1,FAROLES / OPTICOS / SOQUETES,ILUMINACION,CARROCERIAS BUSES,MARCOPOLO,34371,PARADISO 1200 / 1600 D/P,https://firebasestorage.googleapis.com/v0/b/imagenimplementos.appspot.com/o/150%2FMG7TEC0005.jpg?alt=media,https://firebasestorage.googleapis.com/v0/b/imagenimplementos.appspot.com/o/450%2FMG7TEC0005.jpg?alt=media
MG7TEC0001,FOCO TROCHA TRASERO DER. G7,UN,64890,14402.8,5637148445,5637148331,88611835/0008-03,Normal,OEM,10008606_1,FAROLES / OPTICOS / SOQUETES,ILUMINACION,CARROCERIAS BUSES,MARCOPOLO,51153,TODOS,https://firebasestorage.googleapis.com/v0/b/imagenimplementos.appspot.com/o/150%2FMG7TEC0001.jpg?alt=media,https://firebasestorage.googleapis.com/v0/b/imagenimplementos.appspot.com/o/450%2FMG7TEC0001.jpg?alt=media
MG7TEC0002,FOCO TROCHA TRASERO IZQ. G7,UN,68290,13310.2,5637148445,5637148331,88611835/0008-03,Normal,OEM,10008608_1,FAROLES / OPTICOS / SOQUETES,ILUMINACION,CARROCERIAS BUSES,MARCOPOLO,49149,TODOS,https://firebasestorage.googleapis.com/v0/b/imagenimplementos.appspot.com/o/150%2FMG7TEC0002.jpg?alt=media,https://firebasestorage.googleapis.com/v0/b/imagenimplementos.appspot.com/o/450%2FMG7TEC0002.jpg?alt=media
MG7FRT0033,MASCARA SOBRE PARACHOQUES VIAGGIO 900 G7,UN,76190,28288.8,5637148431,5637148327,88611835/0008-03,Normal,GENUINO,10014283_1,FRENTE,CARROCERIA EXTERNA,CARROCERIAS BUSES,MARCOPOLO,116314,UNA PIEZA,https://firebasestorage.googleapis.com/v0/b/imagenimplementos.appspot.com/o/150%2FMG7FRT0033.jpg?alt=media,https://firebasestorage.googleapis.com/v0/b/imagenimplementos.appspot.com/o/450%2FMG7FRT0033.jpg?alt=media
MOBLUB0027,ACEITE TRANSMISION MOBILUBE HD PLUS 80W90 GL5,BA,41990,31281,5637148491,5637148340,99520000-7,Descontinuado,ALTERNATIVO,100212_1,ACEITES,LUBRICANTES,INSUMOS PARA EQUIPOS BUSES Y CAMIONES,MOBIL,41638,BALDE 19 LTS,https://firebasestorage.googleapis.com/v0/b/imagenimplementos.appspot.com/o/150%2FMOBLUB0027.jpg?alt=media,https://firebasestorage.googleapis.com/v0/b/imagenimplementos.appspot.com/o/450%2FMOBLUB0027.jpg?alt=media
MARLAT0064,SEGURO RAPIDO TORINO/VIALE,UN,7290,2304.3,5637148432,5637148327,2484,Normal,OEM,100250007_1,LATERAL,CARROCERIA EXTERNA,CARROCERIAS BUSES,MARCOPOLO,7204,EN TAPA TORPEDO TAPA CILINDROS  TAPA ITINERARIO,https://firebasestorage.googleapis.com/v0/b/imagenimplementos.appspot.com/o/150%2FMARLAT0064.jpg?alt=media,https://firebasestorage.googleapis.com/v0/b/imagenimplementos.appspot.com/o/450%2FMARLAT0064.jpg?alt=media
MARTEC0121,BASE CUPULA EXTRACTOR G6,UN,18990,3442.5,5637148433,5637148327,88611835/0008-03,Descontinuado,GENUINO,10030524_1,TECHO EXT,CARROCERIA EXTERNA,CARROCERIAS BUSES,MARCOPOLO,15624,NUEVA ( PARA CUPULA MARTEC0120 ),https://firebasestorage.googleapis.com/v0/b/imagenimplementos.appspot.com/o/150%2FMARTEC0121.jpg?alt=media,https://firebasestorage.googleapis.com/v0/b/imagenimplementos.appspot.com/o/450%2FMARTEC0121.jpg?alt=media
MG7LAT0020,ACABADO PUERTA SERVICIO VIAGGIO 900 G7,UN,31390,7289,5637148460,5637148334,88611835/0008-03,Descontinuado,GENUINO,10032283_1,PERFILES PVC,PERFILES,CARROCERIAS BUSES,MARCOPOLO,26000,EXTERNO,https://firebasestorage.googleapis.com/v0/b/imagenimplementos.appspot.com/o/150%2FMG7LAT0020.jpg?alt=media,https://firebasestorage.googleapis.com/v0/b/imagenimplementos.appspot.com/o/450%2FMG7LAT0020.jpg?alt=media
MG7LAT0009,ACABADO LAT. EXT. CENTRAL DER. PTA. G7,UN,7190,4784,5637148460,5637148334,88611835/0008-03,Descontinuado,GENUINO,10032287_1,PERFILES PVC,PERFILES,CARROCERIAS BUSES,MARCOPOLO,12892,PARADISO 1200,https://firebasestorage.googleapis.com/v0/b/imagenimplementos.appspot.com/o/150%2FMG7LAT0009.jpg?alt=media,https://firebasestorage.googleapis.com/v0/b/imagenimplementos.appspot.com/o/450%2FMG7LAT0009.jpg?alt=media
MG7LAT0010,TIARA LAT. EXT. CENTRAL CHOFER G7,UN,14790,4980,5637148460,5637148334,88611835/0008-03,Descontinuado,GENUINO,10032288_1,PERFILES PVC,PERFILES,CARROCERIAS BUSES,MARCOPOLO,13433,PARADISO 1200,https://firebasestorage.googleapis.com/v0/b/imagenimplementos.appspot.com/o/150%2FMG7LAT0010.jpg?alt=media,https://firebasestorage.googleapis.com/v0/b/imagenimplementos.appspot.com/o/450%2FMG7LAT0010.jpg?alt=media
MG7VID0019,VIDRIO ULTIMO LI. PDSO 1050 G7,UN,302890,36048.4,5637148465,5637148335,411,Normal,OEM,10032905_1,VIDRIOS,VIDRIOS Y PARABRISAS DE BUSES,CARROCERIAS BUSES,VIDROFORTE,198036,ANCHO 1799 ALTO 1065,https://firebasestorage.googleapis.com/v0/b/imagenimplementos.appspot.com/o/150%2FMG7VID0019.jpg?alt=media,https://firebasestorage.googleapis.com/v0/b/imagenimplementos.appspot.com/o/450%2FMG7VID0019.jpg?alt=media
